Platform,Title,Company,Budget,Link,Image_Path
Guru,AI Solutions,Suretek Infosoft Pvt. Ltd.,"$15/hr   ·   Starting at $1,000",https://www.guru.com/service/ai-solutions/india/delhi/noida/5647659,image2/service_1.jpg
Guru,Mobile and Web Application Development,On Wave Software Group,$30/hr   ·   Starting at $120,https://www.guru.com/service/mobile-and-web-application-development/st-kitts/saint-paul-charlestown/charlestown/5117908,image2/service_2.jpg
Guru,Web Application Development,Scopic,"$38/hr   ·   Starting at $1,000",https://www.guru.com/service/web-application-development/united-states/massachusetts/rutland/302,image2/service_3.jpg
Guru,Mobile and Web Application Development,Synoviq,"$20/hr   ·   Starting at $1,000",https://www.guru.com/service/mobile-and-web-application-development/india/west-bengal/kolkata/4772974,image2/service_4.jpg
Guru,Mobile and Web Application Development,Top Guru Assistants,"$24/hr   ·   Starting at $1,000",https://www.guru.com/service/mobile-and-web-application-development/india/delhi/new-delhi/3956149,image2/service_5.jpg
Guru,Highly experienced full-stack developer,YanBin Pang,$50/hr   ·   Starting at $25,https://www.guru.com/service/highly-experienced-full-stack-developer/china/liaoning/dandong/4360905,image2/service_6.jpg
Guru,Web+iPhone+iPad+Android+Multimedia,Yu Dai,$44/hr   ·   Starting at $25,https://www.guru.com/service/web-iphone-ipad-android-multimedia/china/liaoning/dandong/4360911,image2/service_7.jpg
Guru,Logo / Business Card / Stationary Design,hardworker1989,$10/hr   ·   Starting at $50,https://www.guru.com/service/logo-business-card-stationary-design/pakistan/sindh/karachi/5322740,image2/service_8.jpg
Guru,"Python (Django, Flask) | Java (Spring)",Zco U.,"$80/hr   ·   Starting at $1,000",https://www.guru.com/service/python-django-flask-java-spring/united-states/california/oakland/5110369,image2/service_9.jpg
Guru,Salesforce Project Manager,Susana Manuela Cerna Rodriguez,$60/hr   ·   Starting at $60,https://www.guru.com/service/salesforce-project-manager/peru/cajamarca/cajamarca/5236278,image2/service_10.jpg
Guru,Transcription Team Leader & Reviewer,Abdullah Ateya,$25/hr   ·   Starting at $100,https://www.guru.com/service/transcription-team-leader-reviewer/turkey/istanbul/istanbul/4887216,image2/service_11.jpg
Guru,Software Development,J Consulting,$50/hr   ·   Starting at $200,https://www.guru.com/service/software-development/united-states/texas/irving/1090,image2/service_12.jpg
Guru,Web Development,NIX-agency,"$45/hr   ·   Starting at $1,000",https://www.guru.com/service/web-development/israel/tel-aviv/kfar-saba/1599,image2/service_13.jpg
Guru,Web Application Development,Flexsin Technologies,$12/hr   ·   Starting at $500,https://www.guru.com/service/web-application-development/india/uttar-pradesh/noida/10982,image2/service_14.jpg
Guru,Mobile App Developer,George Borobar,$70/hr   ·   Starting at $500,https://www.guru.com/service/mobile-app-developer/united-states/nevada/las-vegas/5000303,image2/service_15.jpg
Guru,Custom WordPress Websites | Plugins,Amazon Softwares,$10/hr   ·   Starting at $250,https://www.guru.com/service/custom-wordpress-websites-plugins/india/delhi/new-delhi/3872377,image2/service_16.jpg
Guru,Android Productivity Application,Kiro Jordanov,"$45/hr   ·   Starting at $5,000",https://www.guru.com/service/android-productivity-application/macedonia/stip/shtip/5181908,image2/service_17.jpg
Guru,Mobile app development service,CAZIER LTD,"$500/hr   ·   Starting at $7,500",https://www.guru.com/service/mobile-app-development-service/united-kingdom/england/london/5365960,image2/service_18.jpg
Guru,Senior JavaScript Engineer,Ervin Abliamitov,"$60/hr   ·   Starting at $2,000",https://www.guru.com/service/senior-javascript-engineer/ukraine/kiev/kiev/5364906,image2/service_19.jpg
Guru,React & Node.js SaaS Development,Brandon Washington 1,$70/hr   ·   Starting at $500,https://www.guru.com/service/react-nodejs-saas-development/united-states/arkansas/conway/5609183,image2/service_20.jpg
Guru,SharePoint Development Services,Treta Infotech Private Limited,$30/hr   ·   Starting at $30,https://www.guru.com/service/sharepoint-development-services/india/gujarat/surat/4058449,image2/service_21.jpg
Guru,Expert Web Designer & Certified CyberSec,SA-PC-LOUVAIN,$199/hr   ·   Starting at $500,https://www.guru.com/service/expert-web-designer-certified-cybersec/united-kingdom/england/ilford/4912587,image2/service_22.jpg
Guru,"Internet Security Engineer, CyberSec",BULLMAN Information Technology,"$250/hr   ·   Starting at $1,000",https://www.guru.com/service/internet-security-engineer-cybersec/united-kingdom/england/upminster/5124840,image2/service_23.jpg
Guru,Medical Billing Software Development,Jason Grover,$67/hr   ·   Starting at $300,https://www.guru.com/service/medical-billing-software-development/united-states/utah/ogden/5241498,image2/service_24.jpg
Guru,Software Engineer,Erik Amaru Ortiz,$35/hr   ·   Starting at $35,https://www.guru.com/service/software-engineer/ecuador/pichincha/quito/3587855,image2/service_25.jpg
Guru,AI & Generative AI Solutions,Crest Infosystems Pvt. Ltd.,"$20/hr   ·   Starting at $1,000",https://www.guru.com/service/ai-generative-ai-solutions/india/gujarat/surat/5364958,image2/service_26.jpg
Guru,Data Mining and Visualization,Muhammad Abdullah Akmal,$40/hr   ·   Starting at $500,https://www.guru.com/service/data-mining-and-visualization/united-kingdom/reading/lahore/4297720,image2/service_27.jpg
Guru,Senior .Net Developer,DotnetSkills Mykhailo Nohas,$55/hr   ·   Starting at $130,https://www.guru.com/service/senior-net-developer/poland/podkarpackie/rzeszow/5421488,image2/service_28.jpg
Guru,"Python Django, Flask backend Development",YongjinTian,$50/hr   ·   Starting at $500,https://www.guru.com/service/python-django-flask-backend-development/china/liaoning/shenyang/4259051,image2/service_29.jpg
Guru,Full Stack Development,Václav Plachejda,"$32/hr   ·   Starting at $1,000",https://www.guru.com/service/full-stack-development/czech-republic/hlavni-mesto-praha/praha/5457627,image2/service_30.jpg
Guru,Web development,sakthi.guru,$50/hr   ·   Starting at $250,https://www.guru.com/service/web-development/united-states/north-carolina/morrisville/3550863,image2/service_31.jpg
Guru,PHP Developing,Dmitry Harbatsevich,$20/hr   ·   Starting at $100,https://www.guru.com/service/php-developing/poland/pomorskie/gdansk/4303820,image2/service_31.jpg
Guru,JAVA / Spring boot,Yi Long,"$35/hr   ·   Starting at $1,000",https://www.guru.com/service/java-spring-boot/china/liaoning/shenyang/4328174,image2/service_32.jpg
Guru,Windows Server Support and Maintenance,Jose Angel Rivera,$20/hr   ·   Starting at $25,https://www.guru.com/service/windows-server-support-and-maintenance/dominican-republic/distrito-nacional/santo-domingo/3725393,image2/service_33.jpg
Guru,React Native/ionic/Flutter Hybrid Mobile,Li G,"$50/hr   ·   Starting at $1,000",https://www.guru.com/service/react-native-ionic-flutter-hybrid-mobile/china/liaoning/shenyang/4263120,image2/service_34.jpg
Guru,Mobile App Development,BR Solutions Pvt. Ltd.- App experts,$16/hr   ·   Starting at $500,https://www.guru.com/service/mobile-app-development/india/delhi/new-delhi/1848581,image2/service_35.jpg
Guru,Senior Netsuite Developer,Ching Yi Lin,$89/hr   ·   Starting at $89,https://www.guru.com/service/senior-netsuite-developer/united-states/texas/plano/5018446,image2/service_36.jpg
Guru,Web Development,Ihor Hodzhal,$21/hr   ·   Starting at $300,https://www.guru.com/service/web-development/ukraine/rivnenska-oblast/ostroh/5437013,image2/service_37.jpg
Guru,Full-Stack Web App Development,XiaoYu Luan,$25/hr   ·   Starting at $400,https://www.guru.com/service/full-stack-web-app-development/china/liaoning/anshan/5655741,image2/service_38.jpg
Guru,Automated Software Testing,Mario Arriaga,$80/hr   ·   Starting at $500,https://www.guru.com/service/automated-software-testing/mexico/puebla/san-andres-cholula/4627584,image2/service_38.jpg
Guru,Electrical Engineer,Zachary Hu,$70/hr   ·   Starting at $500,https://www.guru.com/service/electrical-engineer/united-states/arizona/glendale/5545259,image2/service_39.jpg
Guru,Paid and Organic Mobile Marketing,Martin Borovski,"$30/hr   ·   Starting at $1,000",https://www.guru.com/service/paid-and-organic-mobile-marketing/macedonia/veles/veles/5526052,image2/service_40.jpg
Guru,Custom software development services AI,Merve.Atmaca.IT,"$500/hr   ·   Starting at $5,000",https://www.guru.com/service/custom-software-development-services-ai/united-arab-emirates/dubai/dubai/5526944,image2/service_41.jpg
Guru,Data Entry | Data Processing,Tinkogroup,$10/hr   ·   Starting at $120,https://www.guru.com/service/data-entry-data-processing/ukraine/poltavs-ka-oblast-/poltava/3655874,image2/service_42.jpg
Guru,Data Scientist,Arsalan Younus,$25/hr   ·   Starting at $500,https://www.guru.com/service/data-scientist/pakistan/punjab/faisalabad/4332147,image2/service_43.jpg
Guru,"AngularJS, NodeJS, PHP, ASP.NET, C#",Jalpesh Rajani,"$25/hr   ·   Starting at $1,500",https://www.guru.com/service/angularjs-nodejs-php-aspnet-c/india/gujarat/ahmedabad/4190505,image2/service_44.jpg
Guru,DevOps Engineering,Heindrick Dumdum,$40/hr   ·   Starting at $30,https://www.guru.com/service/devops-engineering/philippines/central-visayas/cebu-city/5091983,image2/service_45.jpg
Guru,Web Development,Genesis Solutions,$40/hr   ·   Starting at $300,https://www.guru.com/service/web-development/united-states/north-carolina/belmont/5367610,image2/service_46.jpg
Guru,Web Development,Eduard Karpovets,$20/hr   ·   Starting at $25,https://www.guru.com/service/web-development/ukraine/rivnenska-oblast/bohdashiv/5503635,image2/service_47.jpg
Guru,Project Manager - proyectos e-commerce,sergio compte perez,"$32/hr   ·   Starting at $1,000",https://www.guru.com/service/project-manager-proyectos-e-commerce/panama/panama/panama-city/5565633,image2/service_48.jpg
Guru,Hire .NET Developers with 18+ Year Exp.,iQlance Solutions LLC,$14/hr   ·   Starting at $25,https://www.guru.com/service/hire-net-developers-with-18-year-exp/canada/ontario/toronto/5056376,image2/service_49.jpg
Guru,General Virtual Assistant,Kaye Balud,$10/hr   ·   Starting at $700,https://www.guru.com/service/general-virtual-assistant/philippines/davao-del-sur/davao-city/5076148,image2/service_50.jpg
Guru,Custom Software Development,Toltecs I.T. LTD & Carloma,"$500/hr   ·   Starting at $3,000",https://www.guru.com/service/custom-software-development/united-kingdom/england/birmingham/5511708,image2/service_51.jpg
Guru,.NET CORE | ASP.NET | ASP.NET MVC,Aviasole Technologies,$18/hr   ·   Starting at $500,https://www.guru.com/service/net-core-aspnet-aspnet-mvc/india/gujarat/vadodara/1714035,image2/service_52.jpg
Guru,Hire MERN Developers,Infomaze Web & Mobile Apps,"$20/hr   ·   Starting at $1,000",https://www.guru.com/service/hire-mern-developers/india/karnataka/mysuru/4995575,image2/service_53.jpg
Guru,Professional Freelancer,Bintang Purwanda,$10/hr   ·   Starting at $25,https://www.guru.com/service/professional-freelancer/indonesia/west-java/depok/3504758,image2/service_54.jpg
Guru,Software Development,FIELD ENGINEERING,"$500/hr   ·   Starting at $5,000",https://www.guru.com/service/software-development/united-kingdom/city-of-london/london/5412756,image2/service_55.jpg
Guru,Image Treatment,Christiane Carvalho Catarino,$30/hr   ·   Starting at $30,https://www.guru.com/service/image-treatment/brazil/rio-grande-do-sul/porto-alegre/5480695,image2/service_56.jpg
Guru,Experienced Full Stack Developer,Senior Full Stack Developer - Duc,$80/hr   ·   Starting at $100,https://www.guru.com/service/experienced-full-stack-developer/united-states/arizona/chandler/4852826,image2/service_57.jpg
Guru,Senior Web Developer,Andriy Taran,"$60/hr   ·   Starting at $5,000",https://www.guru.com/service/senior-web-developer/united-states/new-york/poughkeepsie/4764270,image2/service_58.jpg
Guru,JAVA Web & Enterprise App Services,Colan Infotech (P) LTD,"$20/hr   ·   Starting at $2,500",https://www.guru.com/service/java-web-enterprise-app-services/india/tamil-nadu/chennai/3741510,image2/service_59.jpg
Guru,Video Editing,Zunaira Ashfaq,$30/hr   ·   Starting at $30,https://www.guru.com/service/video-editing/pakistan/islamabad/islamabad/4176765,image2/service_60.jpg
Guru,Automation as a Service,Aquarious Technology,"$28/hr   ·   Starting at $2,500",https://www.guru.com/service/automation-as-a-service/india/west-bengal/kolkata/5621697,image2/service_61.jpg
Guru,"Virtual Assistant, Admin Tasks",Rachel Sevilla,$5/hr   ·   Starting at $25,https://www.guru.com/service/virtual-assistant-admin-tasks/philippines/central-luzon/pandi/5310586,image2/service_62.jpg
Guru,SEO specialist,FabrizioTraversa,$10/hr   ·   Starting at $500,https://www.guru.com/service/seo-specialist/italy/puglia/bari/5123390,image2/service_63.jpg
Guru,WordPress website Developer,Shahid Solutions,$5/hr   ·   Starting at $25,https://www.guru.com/service/wordpress-website-developer/pakistan/punjab/bhakkar/5405758,image2/service_64.jpg
Guru,Web App Development,$mart Dev,"$30/hr   ·   Starting at $1,000",https://www.guru.com/service/web-app-development/serbia/serbia/aktobe/5333963,image2/service_65.jpg
Guru,Website Design & Development -PHP | .NET,Brain Technosys® TOP PROVIDER 100%,$15/hr   ·   Starting at $500,https://www.guru.com/service/website-design-development-php-net/india/uttar-pradesh/noida/4231,image2/service_66.jpg
Guru,Website Development,Kamil Luis Maria Ponce,$45/hr   ·   Starting at $100,https://www.guru.com/service/website-development/argentina/entre-rios/gualeguaychu/5556008,image2/service_67.jpg
Guru,SEM - Facebook Ads / Instagram Ads / Lin,JasleenItan,$50/hr   ·   Starting at $500,https://www.guru.com/service/sem---facebook-ads-instagram-ads-lin/india/punjab/mohali/5185953,image2/service_68.jpg
Guru,Researcher,Fekede Kumsa,"$25/hr   ·   Starting at $5,000",https://www.guru.com/service/researcher/australia/new-south-wales/sydney/5518240,image2/service_69.jpg
Guru,Mobile and Web Application Development,Rajan Pandey- Top Web Developer,"$15/hr   ·   Starting at $1,000",https://www.guru.com/service/mobile-and-web-application-development/india/maharashtra/mumbai/5586297,image2/service_70.jpg
Guru,Web application developer,Mahendra Puvvala,$8/hr   ·   Starting at $25,https://www.guru.com/service/web-application-developer/india/andhra-pradesh/visakhapatnam/3878560,image2/service_71.jpg
Guru,AI and Machine Learning,Golden Truth AI,"$75/hr   ·   Starting at $1,000",https://www.guru.com/service/ai-and-machine-learning/netherlands/north-brabant/veldhoven/5101140,image2/service_72.jpg
Guru,Paralegal Experienced in Florida,Nathalie Z.,$32/hr   ·   Starting at $30,https://www.guru.com/service/paralegal-experienced-in-florida/spain/andalucia/sevilla/5502098,image2/service_73.jpg
Guru,Custom WordPress Development | WP Plugin,Reaver Technologies,$16/hr   ·   Starting at $100,https://www.guru.com/service/custom-wordpress-development-wp-plugin/pakistan/sindh/karachi/5646797,image2/service_74.jpg
Guru,SEO - Search Engine Optimization,Sean Rowan (Top 1% freelancer),$29/hr   ·   Starting at $150,https://www.guru.com/service/seo-search-engine-optimization/new-zealand/wellington/mount-cook/4738404,image2/service_75.jpg
Guru,Senior Software Engineer,Devendra0Verma,$15/hr   ·   Starting at $300,https://www.guru.com/service/senior-software-engineer/india/uttar-pradesh/bahadurganj/5411042,image2/service_76.jpg
Guru,HTML5,Sarah P.,$20/hr   ·   Starting at $25,https://www.guru.com/service/html5/canada/ontario/toronto/3669803,image2/service_77.jpg
Guru,Senior Ruby on Rails Developer,Hugo Bauer,$50/hr   ·   Starting at $200,https://www.guru.com/service/senior-ruby-on-rails-developer/germany/hessen/frankfurt-am-main/4030062,image2/service_78.jpg
Guru,illustration logo design,Pioneers Tech,$5/hr   ·   Starting at $30,https://www.guru.com/service/illustration-logo-design/pakistan/punjab/lahore/5398733,image2/service_79.jpg
Guru,Website Design and Development,Instant Solutions Lab,"$30/hr   ·   Starting at $1,000",https://www.guru.com/service/website-design-and-development/united-states/florida/pembroke-pines/3922063,image2/service_80.jpg
Guru,"SEO, SEM and Wordpress",Technical SEO & SEM Professional,$20/hr   ·   Starting at $500,https://www.guru.com/service/seo-sem-and-wordpress/india/punjab/ludhiana/565849,image2/service_81.jpg
Guru,Graphics&Engine Development,Baris Uckardes,$50/hr   ·   Starting at $250,https://www.guru.com/service/graphicsengine-development/turkey/izmir/bornova/5454892,image2/service_82.jpg
Guru,ITSM & Atlassian Specialist,Juan Sebastian Quintero,$35/hr   ·   Starting at $35,https://www.guru.com/service/itsm-atlassian-specialist/colombia/cundinamarca/bogota/5585544,image2/service_83.jpg
Guru,"Senior FullStack Developer(ASP.NET, PHP)",Norbert Herman,$40/hr   ·   Starting at $500,https://www.guru.com/service/senior-fullstack-developeraspnet-php/romania/timis/timisoara/4349288,image2/service_83.jpg
Guru,Mobile and Web Application Development,Damir Adrović,$30/hr   ·   Starting at $30,https://www.guru.com/service/mobile-and-web-application-development/bosnia-and-herzegovina/federation-of-bosnia-and-herzegovina/srebrenik/4624341,image2/service_84.jpg
Guru,Graphic Design | DTP Layout,DesignColour,$55/hr   ·   Starting at $55,https://www.guru.com/service/graphic-design-dtp-layout/croatia/grad-zagreb/zagreb/3666100,image2/service_84.jpg
Guru,PHP Development Services,Doyenhub Software Solution Pvt Ltd,$18/hr   ·   Starting at $500,https://www.guru.com/service/php-development-services/india/gujarat/surat/3918833,image2/service_85.jpg
Guru,Administrative Support/ Social Media Mng,Christina Hazel Morales,$14/hr   ·   Starting at $50,https://www.guru.com/service/administrative-support-social-media-mng/el-salvador/santa-ana/santa-ana/4167016,image2/service_86.jpg
Guru,Software Development,Gleammore,$60/hr   ·   Starting at $500,https://www.guru.com/service/software-development/united-states/new-york/buffalo/5436878,image2/service_87.jpg
Guru,Full Stack Web Development,Passion Dev,"$50/hr   ·   Starting at $7,000",https://www.guru.com/service/full-stack-web-development/china/liaoning/dandong/3908638,image2/service_88.jpg
Guru,Millionaire Company SEO/SEM/PPC Expert,Kazi Jakaria,$14/hr   ·   Starting at $25,https://www.guru.com/service/millionaire-company-seosemppc-expert/united-arab-emirates/dubai/dubai/2656382,image2/service_89.jpg
Guru,Amazon PPC/SEO - Boost Sales/Visibility,DexDel,$15/hr   ·   Starting at $300,https://www.guru.com/service/amazon-ppcseo-boost-salesvisibility/united-states/california/newark/5374116,image2/service_90.jpg
Guru,Custom Web/JS development,SfArt,"$29/hr   ·   Starting at $2,500",https://www.guru.com/service/custom-webjs-development/united-states/new-jersey/holmdel/5520581,image2/service_91.jpg
Guru,Power System Simulation PSCAD/PSSE,Mohaned Kamal,"$10/hr   ·   Starting at $1,000",https://www.guru.com/service/power-system-simulation-pscadpsse/united-arab-emirates/dubai/dubai/5476619,image2/service_92.jpg
Guru,Data Entry,Lookbeo Technologies,$8/hr   ·   Starting at $25,https://www.guru.com/service/data-entry/india/kerala/thiruvananthapuram/1144,image2/service_93.jpg
Guru,Full Stack Windows Development,Shailesh Mer,$30/hr   ·   Starting at $400,https://www.guru.com/service/full-stack-windows-development/india/gujarat/jetpur-navagadh/3531137,image2/service_94.jpg
Guru,Mechanical Design - Solidoworks,nipul solanki,$15/hr   ·   Starting at $25,https://www.guru.com/service/mechanical-design---solidoworks/india/gujarat/ahmedabad/4514256,image2/service_95.jpg
Guru,Sr. Software Engineer (Full-Time),fenilgandhi,"$20/hr   ·   Starting at $2,000",https://www.guru.com/service/sr-software-engineer-full-time/india/gujarat/surat/4779301,image2/service_96.jpg
Guru,Microsoft Access / SQL Server,JEFFREY R SMOOTS,$60/hr   ·   Starting at $120,https://www.guru.com/service/microsoft-access-sql-server/united-states/washington/everett/4222330,image2/service_97.jpg
Guru,"Motion Graphics, E-learning, Animation",Blue Creazione,$20/hr   ·   Starting at $500,https://www.guru.com/service/motion-graphics-e-learning-animation/india/maharashtra/pune/4049887,image2/service_98.jpg
Guru,Web Searching & Data Management,Top Most Services,$5/hr   ·   Starting at $25,https://www.guru.com/service/web-searching-data-management/india/delhi/new-delhi/45454,image2/service_99.jpg
Guru,Experienced Virtual Assistant for Admin,Jenifer Giron,$5/hr   ·   Starting at $25,https://www.guru.com/service/experienced-virtual-assistant-for-admin/el-salvador/la-libertad/san-juan-opico/5407433,image2/service_100.jpg
Guru,Web Development,Zheng.Wei,"$60/hr   ·   Starting at $2,500",https://www.guru.com/service/web-development/china/liaoning/dalian/3912557,image2/service_101.jpg
Guru,Web development,lfalera,$15/hr   ·   Starting at $25,https://www.guru.com/service/web-development/peru/lima/lima/5348464,image2/service_102.jpg
Guru,Software development.,Agoo Clinton,$25/hr   ·   Starting at $500,https://www.guru.com/service/software-development/kenya/nyanza/ahero/4281342,image2/service_103.jpg
Guru,Electrical Designing (Autocad/Revit),AmmarAmjad,$15/hr   ·   Starting at $50,https://www.guru.com/service/electrical-designing-autocadrevit/pakistan/punjab/lahore/4596466,image2/service_104.jpg
Guru,Comic Book Artist,Nicolas Colacitti,$20/hr   ·   Starting at $25,https://www.guru.com/service/comic-book-artist/argentina/buenos-aires/mar-del-plata/3841249,image2/service_105.jpg
Guru,Web design and development,Avion-Technology-Inc-Chicago,$15/hr   ·   Starting at $25,https://www.guru.com/service/web-design-and-development/united-states/illinois/schaumburg/3707620,image2/service_106.jpg
Guru,Full Stack Web Development,Anil Tiwari ( Full stack developer),$25/hr   ·   Starting at $500,https://www.guru.com/service/full-stack-web-development/india/madhya-pradesh/indore/5590544,image2/service_107.jpg
Guru,SEO & Backlink Building Expert,TechNomad,$10/hr   ·   Starting at $30,https://www.guru.com/service/seo-backlink-building-expert/pakistan/sindh/karachi/5586345,image2/service_107.jpg
Guru,Network and System Administration,Shaukat Ali 74,$20/hr   ·   Starting at $50,https://www.guru.com/service/network-and-system-administration/pakistan/punjab/sheikhupura/4537039,image2/service_108.jpg
Guru,Next.js Full Stack Development,Ruyun Li,$30/hr   ·   Starting at $30,https://www.guru.com/service/nextjs-full-stack-development/china/jilin/hunchun/5256193,image2/service_109.jpg
Guru,"forex program, IOS game program",waterwood en,$60/hr   ·   Starting at $25,https://www.guru.com/service/forex-program-ios-game-program/australia/victoria/north-melbourne/3759753,image2/service_110.jpg
Guru,Mobile app development,Viktor Golovko,"$35/hr   ·   Starting at $3,000",https://www.guru.com/service/mobile-app-development/ukraine/poltavska-oblast/kremenchug/5629537,image2/service_111.jpg
Guru,"Python, Laravel, VueJS, Node",Activecraft IT Solutions,$12/hr   ·   Starting at $500,https://www.guru.com/service/python-laravel-vuejs-node/india/punjab/mohali/4618321,image2/service_112.jpg
Guru,Property Management Support,Matty Francis,$14/hr   ·   Starting at $25,https://www.guru.com/service/property-management-support/philippines/central-luzon/porac/5606579,image2/service_113.jpg
Guru,Back-End Web Development,Felix Lisso 1,$40/hr   ·   Starting at $200,https://www.guru.com/service/back-end-web-development/kenya/coast/kilifi/5403438,image2/service_113.jpg
Guru,Website Design & Development,Minerva Infotech Web & Design GURU,$25/hr   ·   Starting at $25,https://www.guru.com/service/website-design-development/india/west-bengal/kolkata/5014720,image2/service_114.jpg
Guru,Work at UTHSC,Dan McGuire 1,"$15/hr   ·   Starting at $1,000",https://www.guru.com/service/work-at-uthsc/united-states/tennessee/nashville/5511727,image2/service_115.jpg
Guru,Microsoft Windows Server,Shahid Iqbal 1979,$25/hr   ·   Starting at $50,https://www.guru.com/service/microsoft-windows-server/pakistan/punjab/rawalpindi/4992797,image2/service_116.jpg
Guru,Facebook & Instagram Ads Management,Atif Khawaja,$15/hr   ·   Starting at $100,https://www.guru.com/service/facebook-instagram-ads-management/pakistan/punjab/multan/4945527,image2/service_117.jpg
Guru,Full Stack Software Development,Daniel Perez Herrera,$95/hr   ·   Starting at $950,https://www.guru.com/service/full-stack-software-development/united-states/florida/virginia-gardens/5638588,image2/service_118.jpg
Guru,Experienced iOS Developer (Swift),Oleh Hrechyn,$40/hr   ·   Starting at $200,https://www.guru.com/service/experienced-ios-developer-swift/ukraine/kyyivska-oblast/kyiv/5363553,image2/service_119.jpg
Guru,Mobile Application Development,Krishna Innovative Software Pvt Lt.,$14/hr   ·   Starting at $500,https://www.guru.com/service/mobile-application-development/india/punjab/sahibzada-ajit-singh-nagar/5413846,image2/service_120.jpg
Guru,User Experience Design (UI/UX Design),OffRoadStudios,$30/hr   ·   Starting at $700,https://www.guru.com/service/user-experience-design-uiux-design/united-states/new-jersey/pennington/5132749,image2/service_120.jpg
Guru,Sales Representative,Erda Gjishti,"$15/hr   ·   Starting at $2,500",https://www.guru.com/service/sales-representative/albania/tirane/tirane/5613379,image2/service_121.jpg
Guru,"Writer, Virtual Assistant,",Hanna Johnstone,$15/hr   ·   Starting at $50,https://www.guru.com/service/writer-virtual-assistant/philippines/zambales/subic/4970483,image2/service_122.jpg
Guru,Website and Web App Development,F10 Software Solutions,$25/hr   ·   Starting at $500,https://www.guru.com/service/website-and-web-app-development/united-kingdom/england/london/5424126,image2/service_123.jpg
Guru,Web Development,Leonel Laplacette,$30/hr   ·   Starting at $50,https://www.guru.com/service/web-development/argentina/entre-rios/gualeguaych/5576188,image2/service_124.jpg
Guru,AI (that actually works),Proven AI (Top Rated),$55/hr   ·   Starting at $250,https://www.guru.com/service/ai-that-actually-works/united-states/california/stanford/5649697,image2/service_125.jpg
Guru,Angular / React.js / Vue.js Application,Dmytro Liakhovych,"$40/hr   ·   Starting at $1,000",https://www.guru.com/service/angular-reactjs-vuejs-application/ukraine/kiev/kyiv/5416364,image2/service_125.jpg
Guru,Integration Development,SriniY,$45/hr   ·   Starting at $100,https://www.guru.com/service/integration-development/india/telangana/hyderabad/5520669,image2/service_126.jpg
Guru,Transcription & Annotation,AKY Team,$60/hr   ·   Starting at $60,https://www.guru.com/service/transcription-annotation/egypt/al-qahirah/cairo/5087969,image2/service_127.jpg
Guru,Data Entry,sachinscs,$8/hr   ·   Starting at $25,https://www.guru.com/service/data-entry/india/uttar-pradesh/noida/6553,image2/service_128.jpg
Guru,WordPress Theme Implementation,Baljeet K,$10/hr   ·   Starting at $200,https://www.guru.com/service/wordpress-theme-implementation/india/punjab/sahibzada-ajit-singh-nagar/3565652,image2/service_129.jpg
Guru,Branding | Website | Social Media,Colorgraphicz,$10/hr   ·   Starting at $35,https://www.guru.com/service/branding-website-social-media/india/west-bengal/kolkata/5650747,image2/service_130.jpg
Guru,IT Professional Admin Support Service,Vimal G,$8/hr   ·   Starting at $25,https://www.guru.com/service/it-professional-admin-support-service/india/madhya-pradesh/indore/3541390,image2/service_131.jpg
Guru,E-Commerce order processing,ANTONY.MAKAU,$8/hr   ·   Starting at $25,https://www.guru.com/service/e-commerce-order-processing/kenya/nairobi/nairobi/5280621,image2/service_132.jpg
Guru,Marketing Management,Rui Pedro Ferreira Gomes,$9/hr   ·   Starting at $49,https://www.guru.com/service/marketing-management/portugal/coimbra/cantanhede/5433913,image2/service_133.jpg
Guru,Programming,Anvaya Technologies,$15/hr   ·   Starting at $200,https://www.guru.com/service/programming/india/maharashtra/nagpur/4078,image2/service_134.jpg
Guru,"Specialized in 3D Design,Rendering,CAD.",Kevin S. Canas,$12/hr   ·   Starting at $25,https://www.guru.com/service/specialized-in-3d-design-rendering-cad./spain/catalonia/barcelona/4219401,image2/service_135.jpg
Guru,Software Development Services,Global Apps Logic,$35/hr   ·   Starting at $350,https://www.guru.com/service/software-development-services/united-states/california/sacramento/4027863,image2/service_136.jpg
Guru,Background Removal from Images,Noman J,$10/hr   ·   Starting at $25,https://www.guru.com/service/background-removal-from-images/pakistan/punjab/lahore/4866706,image2/service_137.jpg
Guru,Microsoft Excel & VBA Macros,vaqas,$10/hr   ·   Starting at $25,https://www.guru.com/service/microsoft-excel-vba-macros/pakistan/sindh/karachi/4603442,image2/service_138.jpg
Guru,HOUSE DESIGN.,Architect Germán Andrés.,$25/hr   ·   Starting at $300,https://www.guru.com/service/house-design/colombia/cundinamarca/bogota/4345108,image2/service_139.jpg
Guru,Full Stack Software Development,Benjamin Cherry - devcarbon,$70/hr   ·   Starting at $500,https://www.guru.com/service/full-stack-software-development/united-states/alaska/wasilla/5131031,image2/service_140.jpg
Guru,DevOps Engineer,Charlesmar Zatta Junior,$12/hr   ·   Starting at $240,https://www.guru.com/service/devops-engineer/brazil/parana/pato-branco/5390047,image2/service_141.jpg
Guru,Seasoned Customer Service Representative,Edward Ross Sausa,$6/hr   ·   Starting at $25,https://www.guru.com/service/seasoned-customer-service-representative/philippines/northern-mindanao/manolo-fortich-bukidnon/5600789,image2/service_142.jpg
Guru,"Front End Developer HTML5, CSS3, Jquery",Heena Trivedi,$12/hr   ·   Starting at $25,https://www.guru.com/service/front-end-developer-html5-css3-jquery/india/rajasthan/udaipur/3538919,image2/service_143.jpg
Guru,Wordpress design and development,PHILIP LAKRA,$10/hr   ·   Starting at $25,https://www.guru.com/service/wordpress-design-and-development/india/west-bengal/kolkata/3821969,image2/service_144.jpg
Guru,Software Overengineering,Andrew Tropin,"$200/hr   ·   Starting at $5,000",https://www.guru.com/service/software-overengineering/georgia/tbilisi/tbilisi/5485448,image2/service_145.jpg
Guru,Professional Virtual Assistant,Christy Maximarie Mayor Espacio,$8/hr   ·   Starting at $25,https://www.guru.com/service/professional-virtual-assistant/philippines/davao-del-sur/digos-city/4351546,image2/service_146.jpg
Guru,Telemarketing Expert/Project Manager,Kevin Jones KJ,$10/hr   ·   Starting at $25,https://www.guru.com/service/telemarketing-expert-project-manager/jamaica/saint-catherine/portmore/4018449,image2/service_147.jpg
Guru,Software Design and Development,Sunil 2060,$25/hr   ·   Starting at $200,https://www.guru.com/service/software-design-and-development/india/maharashtra/pune/1204917,image2/service_148.jpg
Guru,Programming,kiki76,"$29/hr   ·   Starting at $3,890",https://www.guru.com/service/programming/slovenia/koper-capodistria/koper/36205,image2/service_149.jpg
Guru,Expert Web3 Development Services,Xayyavong Sida,$25/hr   ·   Starting at $200,https://www.guru.com/service/expert-web3-development-services/laos/vientiane/vientiane/5450126,image2/service_150.jpg
Guru,3d Animator Modeler and 3d Artist,Neepa Aktar,$30/hr   ·   Starting at $150,https://www.guru.com/service/3d-animator-modeler-and-3d-artist/bangladesh/khulna/jhenaidah/5094689,image2/service_151.jpg
Guru,Customer Service/ Virtual Assistance,Muhammad Fareed Nazir,$7/hr   ·   Starting at $250,https://www.guru.com/service/customer-service-virtual-assistance/pakistan/sindh/karachi/5280939,image2/service_152.jpg
Guru,Atlassian Solutions Achitect,João Paulo Lima,$5/hr   ·   Starting at $25,https://www.guru.com/service/atlassian-solutions-achitect/brazil/minas-gerais/belo-horizonte/5643148,image2/service_153.jpg
Guru,Architecture,O.D.O,$12/hr   ·   Starting at $100,https://www.guru.com/service/architecture/germany/hessen/darmstadt/4622283,image2/service_154.jpg
Guru,Laravel,Nilesh Muka,$15/hr   ·   Starting at $25,https://www.guru.com/service/laravel/india/karnataka/bengaluru/5562011,image2/service_155.jpg
Guru,PROOFREADING or EDITING or EDITOR,Cindy Calzone,$40/hr   ·   Starting at $40,https://www.guru.com/service/proofreading-or-editing-or-editor/united-states/connecticut/waterbury/3704002,image2/service_156.jpg
Guru,Full Stack Web Development,AstroSoft,$40/hr   ·   Starting at $300,https://www.guru.com/service/full-stack-web-development/hong-kong/hong-kong/kowloon/5522201,image2/service_157.jpg
Guru,I will write engaging ad copy,Unique service100%,$5/hr   ·   Starting at $25,https://www.guru.com/service/i-will-write-engaging-ad-copy/pakistan/punjab/bhakkar/5459000,image2/service_158.jpg
Guru,Amazon Listing Manager,Hazzle Ann C. Ranan,$13/hr   ·   Starting at $500,https://www.guru.com/service/amazon-listing-manager/philippines/calabarzon/angono/5482315,image2/service_159.jpg
Guru,GHL Landing Page Design & Development,Top Guru Providers,$12/hr   ·   Starting at $250,https://www.guru.com/service/ghl-landing-page-design-development/india/punjab/mohali/5632137,image2/service_160.jpg
Guru,Web/Application Developer,junaidp,$15/hr   ·   Starting at $25,https://www.guru.com/service/web-application-developer/pakistan/islamabad/islamabad/2460993,image2/service_161.jpg
Guru,"3D design, CAD",Oscar B,$16/hr   ·   Starting at $200,https://www.guru.com/service/3d-design-cad/colombia/antioquia/sabaneta/5078543,image2/service_162.jpg
Guru,Native Android & iPhone Mobile Apps,Shreya_SB Infowaves,$12/hr   ·   Starting at $500,https://www.guru.com/service/native-android-iphone-mobile-apps/india/west-bengal/kolkata/3939622,image2/service_163.jpg
Guru,"Virtual Assistant,Telemarketer Expert",Aldine13,$8/hr   ·   Starting at $25,https://www.guru.com/service/virtual-assistant-telemarketer-expert/philippines/metro-manila/caloocan/3775937,image2/service_164.jpg
Guru,Web Development,Top Guru Provider Zebra Techies Sol,$12/hr   ·   Starting at $299,https://www.guru.com/service/web-development/india/west-bengal/kolkata/31463,image2/service_165.jpg
Guru,VIDEO EDITING,youssefsobhy.99,$5/hr   ·   Starting at $25,https://www.guru.com/service/video-editing/egypt/al-qahirah/cairo/5520111,image2/service_166.jpg
Guru,Software Development,Nicholas Melnyk,$50/hr   ·   Starting at $70,https://www.guru.com/service/software-development/united-states/south-carolina/huger/5409940,image2/service_167.jpg
Guru,Legal and administrative advice,Francheska Mendoza,$10/hr   ·   Starting at $25,https://www.guru.com/service/legal-and-administrative-advice/colombia/antioquia/medelln/5507814,image2/service_168.jpg
Guru,Data Entry Specialist,Sayyed Haseeb,$5/hr   ·   Starting at $150,https://www.guru.com/service/data-entry-specialist/pakistan/sindh/karachi/5502296,image2/service_169.jpg
Guru,PATENT PROSECUTION,"Usha S. Koshy, Ph.D., J.D.",$150/hr   ·   Starting at $250,https://www.guru.com/service/patent-prosecution/united-states/texas/euless/31060,image2/service_170.jpg
Guru,Full Stack Web/E-commerce/Blockchain/AI,Man Kin Fung,"$65/hr   ·   Starting at $1,000",https://www.guru.com/service/full-stack-webe-commerceblockchainai/united-states/new-york/staten-island/5570359,image2/service_171.jpg
Guru,BIM Architectural Modeling,aylar afsharizand,$13/hr   ·   Starting at $50,https://www.guru.com/service/bim-architectural-modeling/turkey/ankara/cankaya/5565748,image2/service_172.jpg
Guru,Web Development,Pand Systems,$20/hr   ·   Starting at $100,https://www.guru.com/service/web-development/india/delhi/delhi/5123618,image2/service_172.jpg
Guru,Manual Tester,Pedro Fonseca,$5/hr   ·   Starting at $25,https://www.guru.com/service/manual-tester/portugal/lisboa/cacem-e-sao-marcos/5429026,image2/service_173.jpg
Guru,MOBILE APP DESIGN & DEVELOPMENT,DevelopSoftTech,"$30/hr   ·   Starting at $1,000",https://www.guru.com/service/mobile-app-design-development/india/punjab/chandigarh/3837708,image2/service_174.jpg
Guru,Digital Marketing & Lead Generation,Clinical Orbit,$8/hr   ·   Starting at $25,https://www.guru.com/service/digital-marketing-lead-generation/india/madhya-pradesh/indore/4522956,image2/service_175.jpg
Guru,High Quality eBook Content,Evelyn. Brad,$20/hr   ·   Starting at $25,https://www.guru.com/service/high-quality-ebook-content/united-states/new-york/new-york/5082347,image2/service_176.jpg
Guru,Custom SaaS & Web App Development,Digitech Software Solutions Pvt Ltd,$15/hr   ·   Starting at $250,https://www.guru.com/service/custom-saas-web-app-development/india/tamil-nadu/madurai/5648531,image2/service_177.jpg
Guru,Web Content Researcher,CDMSoftech Solution Pvt Ltd,$8/hr   ·   Starting at $25,https://www.guru.com/service/web-content-researcher/india/uttar-pradesh/ghaziabad/3788454,image2/service_177.jpg
Guru,Graphic Designer,mtahakhan67,$15/hr   ·   Starting at $25,https://www.guru.com/service/graphic-designer/pakistan/sindh/karachi/5346524,image2/service_178.jpg
Guru,Cinematographer,tarek abdallaah,"$100/hr   ·   Starting at $1,000",https://www.guru.com/service/cinematographer/egypt/al-qahirah/cairo/5574818,image2/service_179.jpg
Guru,User Experience Design,qualityexcellence,"$75/hr   ·   Starting at $6,000",https://www.guru.com/service/user-experience-design/india/telangana/hyderabad/5887,image2/service_179.jpg
Guru,Google Adwords & Google Analytics,Harsimran Kaur Geeks,$10/hr   ·   Starting at $100,https://www.guru.com/service/google-adwords-google-analytics/india/chandigarh/chandigarh/3763084,image2/service_180.jpg
Guru,Costumer Service,Christian David Alvarez Tobon 1,$8/hr   ·   Starting at $25,https://www.guru.com/service/costumer-service/colombia/valle-del-cauca/cali/4265959,image2/service_181.jpg
Guru,Copywriting,Caroline Brammer,$40/hr   ·   Starting at $80,https://www.guru.com/service/copywriting/united-states/new-york/new-york/5429090,image2/service_182.jpg
Guru,Schematic/PCB Layout,Outland-Technologies-Inc,$65/hr   ·   Starting at $250,https://www.guru.com/service/schematic-pcb-layout/united-states/texas/pottsboro/19461,image2/service_183.jpg
Guru,Wedding Album Design,Duminduhearath,$25/hr   ·   Starting at $50,https://www.guru.com/service/wedding-album-design/sri-lanka/western/negombo/3685311,image2/service_184.jpg
Guru,Architectural Illustration,LilyArt,$22/hr   ·   Starting at $110,https://www.guru.com/service/architectural-illustration/argentina/misiones/los-altos/10331,image2/service_185.jpg
Guru,Email Writing Expert,"Debbie, Your Write Choice",$25/hr   ·   Starting at $25,https://www.guru.com/service/email-writing-expert/canada/saskatchewan/sk/4358425,image2/service_186.jpg
Guru,Microsoft power Apps Development,Artful Pro,$10/hr   ·   Starting at $50,https://www.guru.com/service/microsoft-power-apps-development/pakistan/punjab/multan/5477221,image2/service_187.jpg
Guru,Illustration,eminencesystem,$10/hr   ·   Starting at $25,https://www.guru.com/service/illustration/india/west-bengal/kolkata/3583291,image2/service_188.jpg
Guru,Blockchain Development,Milos Milic 1,$55/hr   ·   Starting at $35,https://www.guru.com/service/blockchain-development/serbia/serbia/beograd/5337801,image2/service_189.jpg
Guru,Programming,PHP Dev STRIPE Laravel Codeignitor,$15/hr   ·   Starting at $120,https://www.guru.com/service/programming/india/tamil-nadu/chennai/849682,image2/service_190.jpg
Guru,Data Entry,Bahar Ud Din,$10/hr   ·   Starting at $50,https://www.guru.com/service/data-entry/pakistan/north-west-frontier/talash/5237290,image2/service_191.jpg
Guru,Best Graphic Design,Julie Design,$50/hr   ·   Starting at $100,https://www.guru.com/service/best-graphic-design/united-states/washington/lynnwood/3895070,image2/service_192.jpg
Guru,Comic art,Atula Siriwardane,$20/hr   ·   Starting at $100,https://www.guru.com/service/comic-art/sri-lanka/western/horana/4336,image2/service_193.jpg
Guru,Architect,Fedar Haroshka,$40/hr   ·   Starting at $100,https://www.guru.com/service/architect/belarus/minsk/minsk/4083938,image2/service_194.jpg
Guru,PHP Development Services,Visionary Leader,$5/hr   ·   Starting at $25,https://www.guru.com/service/php-development-services/pakistan/punjab/bhakkar/5407221,image2/service_195.jpg
Guru,Full Stack Developer,Sr. Full Stack Developer-skydev55,$40/hr   ·   Starting at $200,https://www.guru.com/service/full-stack-developer/united-states/arkansas/cabot/4024715,image2/service_196.jpg
Guru,Independent Marketing Consultant,Marla Gail Sinclair,$18/hr   ·   Starting at $300,https://www.guru.com/service/independent-marketing-consultant/united-states/georgia/bethlehem/4128948,image2/service_197.jpg
Guru,"Bookkeeper, Data Entry Specialist","Accountant, Bookkeeper & Auditor",$8/hr   ·   Starting at $25,https://www.guru.com/service/bookkeeper-data-entry-specialist/philippines/zamboanga-peninsula/pagadian-city/4401458,image2/service_198.jpg
Guru,IT Project Manager,Julian Felipe Garcia Galindo,"$6/hr   ·   Starting at $1,000",https://www.guru.com/service/it-project-manager/colombia/cundinamarca/bogota/5626671,image2/service_199.jpg
Guru,"CRM Manager, Social Media Manager, EA",Anthony Descartin,$8/hr   ·   Starting at $25,https://www.guru.com/service/crm-manager-social-media-manager-ea/philippines/negros-occidental/sagay-city/5502150,image2/service_200.jpg
Guru,Custom Web & Mobile Development,Maksym Khasanov 19,$15/hr   ·   Starting at $50,https://www.guru.com/service/custom-web-mobile-development/ukraine/dnipropetrovska-oblast/kryvyi-rih/5580480,image2/service_201.jpg
Guru,Data Science & Quant Finance R&D,Ralph Bradley,$80/hr   ·   Starting at $400,https://www.guru.com/service/data-science-quant-finance-rd/united-kingdom/england/york/3639478,image2/service_202.jpg
Guru,"Contract drafting, Legal Attorney,",Ankit Singh 208,$15/hr   ·   Starting at $30,https://www.guru.com/service/contract-drafting-legal-attorney/india/rajasthan/jodhpur/5243996,image2/service_203.jpg
Guru,Full Stack Development,Hemant Kumar (Full Stack Developer),$15/hr   ·   Starting at $500,https://www.guru.com/service/full-stack-development/india/punjab/mohali/5515897,image2/service_204.jpg
Guru,Custom Logo Design,Farishteh Mirza,$50/hr   ·   Starting at $100,https://www.guru.com/service/custom-logo-design/united-states/texas/sugar-land/4911420,image2/service_205.jpg
Guru,Branding & Logo Design,Waqar Lodhi,$15/hr   ·   Starting at $25,https://www.guru.com/service/branding-logo-design/australia/victoria/heidelberg-west/5176174,image2/service_206.jpg
Guru,Website Design and Development,Creative Knot,$9/hr   ·   Starting at $25,https://www.guru.com/service/website-design-and-development/india/west-bengal/kolkata/3561113,image2/service_207.jpg
Guru,Structural engineer,Valentin H,$20/hr   ·   Starting at $400,https://www.guru.com/service/structural-engineer/united-states/new-york/toronto/3025814,image2/service_208.jpg
Guru,Creative Writing,Paul Deines,$45/hr   ·   Starting at $250,https://www.guru.com/service/creative-writing/united-states/new-york/white-plains/6450,image2/service_209.jpg
Guru,Voice Talent-Female,Marketer&Dietitian,$70/hr   ·   Starting at $120,https://www.guru.com/service/voice-talent-female/united-states/florida/jacksonville/3313204,image2/service_210.jpg
Guru,HOT ROMANCE GHOSTWRITER,Noemi Jane,$15/hr   ·   Starting at $100,https://www.guru.com/service/hot-romance-ghostwriter/canada/alberta/darlington/4779989,image2/service_211.jpg
Guru,Website and hosting Solution,Gul Muhammad Danial,$40/hr   ·   Starting at $200,https://www.guru.com/service/website-and-hosting-solution/pakistan/sindh/karachi/5603687,image2/service_212.jpg
Guru,Ebook writing; Fiction,Sophie Frank,$15/hr   ·   Starting at $100,https://www.guru.com/service/ebook-writing-fiction/united-kingdom/england/manchester/4824326,image2/service_212.jpg
Guru,Reflowable / Fixed eBook / eBook Cover,DavorN,$20/hr   ·   Starting at $30,https://www.guru.com/service/reflowable-fixed-ebook-ebook-cover/serbia/central-serbia/beograd/4160259,image2/service_213.jpg
Guru,Software development,Yury Zakharin,$40/hr   ·   Starting at $40,https://www.guru.com/service/software-development/russian-federation/moscow/moscow/5433678,image2/service_214.jpg
Guru,Programming,"Smart Software Solutions, Inc.","$65/hr   ·   Starting at $2,000",https://www.guru.com/service/programming/united-states/south-dakota/pierre/13629,image2/service_215.jpg
Guru,Web Development - Full Stack .NET,StephenWhite,$60/hr   ·   Starting at $250,https://www.guru.com/service/web-development-full-stack-net/united-states/washington/vancouver/213,image2/service_216.jpg
Guru,"Modern, Fast, and High-Converting Websit",Abdulhamid Abdulazeez,$12/hr   ·   Starting at $80,https://www.guru.com/service/modern-fast-and-high-converting-websit/nigeria/kwara/ilorin/5640738,image2/service_217.jpg
Guru,myDev IT Solutions,myDevITSolutions Pvt. Ltd.,$20/hr   ·   Starting at $250,https://www.guru.com/service/mydev-it-solutions/india/uttar-pradesh/shikohabad/3558534,image2/service_217.jpg
Guru,Sr AI Full-Stack Web Developer,Oleksandr Rekovskyi,$35/hr   ·   Starting at $500,https://www.guru.com/service/sr-ai-full-stack-web-developer/ukraine/kiev/kyiv/5567934,image2/service_218.jpg
Guru,Creative & General Virtual Assistant,Irfa.Rahat,$5/hr   ·   Starting at $25,https://www.guru.com/service/creative-general-virtual-assistant/pakistan/punjab/gujranwala/5486182,image2/service_218.jpg
Guru,Executive Assistant,Santiago Ortegon M,$8/hr   ·   Starting at $25,https://www.guru.com/service/executive-assistant/colombia/cundinamarca/bogota/5600817,image2/service_219.jpg
Guru,GRAPHIC DESIGN,Thomas Thanos,$10/hr   ·   Starting at $25,https://www.guru.com/service/graphic-design/greece/attiki/athens/4759205,image2/service_219.jpg
Guru,ADMINISTRATIVE WORKS,JOANA SAS,$20/hr   ·   Starting at $25,https://www.guru.com/service/administrative-works/philippines/agusan-del-sur/city-of-bayugan/5215739,image2/service_219.jpg
Guru,Xml databases,Art Crafts,$5/hr   ·   Starting at $25,https://www.guru.com/service/xml-databases/pakistan/punjab/kallur-kot/5385351,image2/service_220.jpg
Guru,"Editor, Reviewer",Berna Gurkan,$18/hr   ·   Starting at $30,https://www.guru.com/service/editor-reviewer/turkey/istanbul/istanbul/4102796,image2/service_221.jpg
Guru,Web Development,BuzzyBrains Software,"$15/hr   ·   Starting at $1,000",https://www.guru.com/service/web-development/india/maharashtra/pune/3830254,image2/service_222.jpg
Guru,Wordpress Development,aptecsol Inc.,$25/hr   ·   Starting at $100,https://www.guru.com/service/wordpress-development/canada/saskatchewan/regina/1535728,image2/service_222.jpg
Guru,"Creative, Content and Technical Writing",Heemab,$20/hr   ·   Starting at $50,https://www.guru.com/service/creative-content-and-technical-writing/nigeria/osun/ede/5510382,image2/service_223.jpg
Guru,"SEO ranking, Traffic, On page ,Off page",W3ERA - Organic SEO Result Expert,$10/hr   ·   Starting at $100,https://www.guru.com/service/seo-ranking-traffic-on-page-off-page/india/rajasthan/jaipur/4131988,image2/service_224.jpg
Guru,WordPress and PHP Developer,UmarShafiq9433,$20/hr   ·   Starting at $100,https://www.guru.com/service/wordpress-and-php-developer/pakistan/punjab/lahore/5482976,image2/service_225.jpg
Guru,Expert .NET Developer,Oliver Brown 4,$40/hr   ·   Starting at $100,https://www.guru.com/service/expert-net-developer/united-kingdom/england/london/5580829,image2/service_226.jpg
Guru,2d Animation and Motion Graphics,Asit Kumar 1,$8/hr   ·   Starting at $100,https://www.guru.com/service/2d-animation-and-motion-graphics/india/west-bengal/kolkata/3724893,image2/service_226.jpg
Guru,Medical Billing and Coding Support,Daisy Bugtong,$8/hr   ·   Starting at $25,https://www.guru.com/service/medical-billing-and-coding-support/philippines/rizal/antipolo-rizal/3553731,image2/service_227.jpg
Guru,T-shirt Design,skewness,$20/hr   ·   Starting at $70,https://www.guru.com/service/t-shirt-design/philippines/baguio/baguio/2977249,image2/service_228.jpg
Guru,Data and Research,YouWin1977,$8/hr   ·   Starting at $25,https://www.guru.com/service/data-and-research/india/tamil-nadu/chennai/4950264,image2/service_229.jpg
Guru,Administrative Virtual Assistance,WorkinGuru,$10/hr   ·   Starting at $600,https://www.guru.com/service/administrative-virtual-assistance/pakistan/punjab/lahore/5146019,image2/service_230.jpg
Guru,Odoo Developer,Parth 255,$15/hr   ·   Starting at $250,https://www.guru.com/service/odoo-developer/india/gujarat/ahmedabad/5213812,image2/service_231.jpg
Guru,Lead Generation,Angelika Arndt,$30/hr   ·   Starting at $25,https://www.guru.com/service/lead-generation/germany/bayern/regensburg/5645984,image2/service_231.jpg
Guru,Programming,MarceloAptrafx,$35/hr   ·   Starting at $25,https://www.guru.com/service/programming/ireland/dublin/dublin/3313329,image2/service_232.jpg
Guru,Web Design,Variancesol,$17/hr   ·   Starting at $25,https://www.guru.com/service/web-design/india/west-bengal/kolkata/6368,image2/service_233.jpg
Guru,"Brochures, ads, banners, and flyers",Creative Pastels / Andy Highland,$14/hr   ·   Starting at $70,https://www.guru.com/service/brochures-ads-banners-and-flyers/canada/british-columbia/vancouver/3645728,image2/service_234.jpg
Guru,Branding & Logo Design,Dezine Corp DC,$15/hr   ·   Starting at $30,https://www.guru.com/service/branding-logo-design/australia/victoria/heidelberg-west/5180805,image2/service_235.jpg
Guru,Writing and Translation,Laura Monroe,$30/hr   ·   Starting at $30,https://www.guru.com/service/writing-and-translation/united-states/new-york/brooklyn/5020410,image2/service_236.jpg
Guru,Social Media Marketing Manager,Reagan Narwid,$12/hr   ·   Starting at $25,https://www.guru.com/service/social-media-marketing-manager/united-states/new-jersey/mansfield/5469710,image2/service_237.jpg
Guru,Mobile App Development,Chirag Panchal,$10/hr   ·   Starting at $400,https://www.guru.com/service/mobile-app-development/india/gujarat/ahmedabad/4050974,image2/service_238.jpg
Guru,"B2B Sales, Lead Generation & Cold Callin",jose Palomino,$5/hr   ·   Starting at $50,https://www.guru.com/service/b2b-sales-lead-generation-cold-callin/colombia/cundinamarca/bogota/5637006,image2/service_239.jpg
Guru,Programming,ninetypctnerd,$50/hr   ·   Starting at $100,https://www.guru.com/service/programming/united-states/north-carolina/high-point/34713,image2/service_239.jpg
Guru,Logo Design I Graphic Design,Desi9nStudio,$25/hr   ·   Starting at $25,https://www.guru.com/service/logo-design-i-graphic-design/pakistan/islamabad/islamabad/227525,image2/service_240.jpg
